"PTS","MP","AST","TRB","STL","BLK","TOV","FG.","FT.","eFG.","Pos"
8.22268473546931,20.7,0.9,6,0.6,0.5,1.1,0.485,0.702,0.521,"C"
13.1582676034721,27,2.3,11.5,0.9,1.1,1.9,0.597,0.364,0.597,"C"
21.1775245894161,34.6,3.2,9.2,1.2,0.8,2.5,0.54,0.806,0.541,"C"
8.1244412020319,20.5,1.1,2.1,0.3,0.3,0.7,0.427,0.812,0.532,"G"
8.19303869451631,21.8,1.3,4.8,0.6,0.6,0.8,0.47,0.75,0.56,"F"
5.55611514042263,15,1.8,1.7,0.5,0.4,0.9,0.444,0.667,0.547,"G"
6.47966070960575,14.7,2.1,1.6,0.7,0.4,1.3,0.488,0.692,0.591,"G"
4.29476462469915,15.5,1.4,1.8,0.3,0.3,0.4,0.384,0.619,0.488,"G"
11.9712644195022,27.4,2.3,3.3,0.9,0.2,1,0.44,0.905,0.571,"G"
17.4475216318426,32.6,1.7,9.8,0.8,1.2,1.4,0.644,0.733,0.645,"C"
8.28122178447353,21.5,3,2.3,1.1,0.2,1.3,0.411,0.813,0.496,"G"
12.3776204175938,28.4,4.9,5.3,1.1,0.9,1.5,0.509,0.735,0.553,"F"
23.3649391993164,32.1,5.7,11.8,0.8,0.8,3.9,0.553,0.645,0.572,"F"
2.35814749295282,5.6,0.4,1.2,0.1,0.1,0.3,0.435,0.5,0.435,"F"
12.5597174549265,25.9,3.9,4.8,0.6,0.5,1.5,0.454,0.894,0.516,"G"
19.8822648237917,35.6,2,5,1.9,0.7,2,0.476,0.838,0.556,"F"
0.514382976354714,8.6,1.2,0.8,0.3,0,0.4,0.243,0,0.351,"G"
0,2.4,0.2,0.4,0.2,0,0.1,0.2,0,0.3,"G"
2.87195133129703,16.2,2.3,1.2,0.3,0,0.7,0.25,0,0.359,"G"
12.3973094309074,26.6,2.8,6.4,0.9,0.4,1.6,0.437,0.739,0.497,"F"
17.1200790239275,30.4,1.7,10,0.6,0.8,1.8,0.589,0.76,0.592,"C"
3.8843258855533,10,0.3,3.3,0.2,0.4,0.5,0.819,0.35,0.819,"C"
10.2889727097685,23.6,0.9,6.4,0.5,0.7,1.1,0.529,0.75,0.554,"C"
2.90274251732373,7.3,0.4,1.3,0.2,0.1,0.4,0.394,0.667,0.541,"F"
23.344497688421,35.2,8.4,6.4,1.3,0.3,3.6,0.411,0.836,0.51,"G"
4.93758095979487,15.7,0.9,4.6,0.3,0.9,0.6,0.485,0.661,0.585,"C"
5.43604226020917,17,1.1,4.6,0.3,1,0.6,0.495,0.686,0.596,"C"
4.36629891346313,9.8,0.4,4.6,0.1,0.6,0.9,0.407,0.545,0.5,"C"
21.6894243064056,33.8,3.7,6.9,0.8,0.5,2.8,0.427,0.738,0.465,"F"
18.2414790470778,31.7,4.4,5,1,0.4,2.2,0.479,0.883,0.568,"G"
3.70467209218074,9,1.2,1.5,0.4,0.4,0.6,0.423,0.708,0.481,"G"
4.86950922053273,14.6,0.9,3.6,0.4,0.7,0.5,0.535,0.72,0.535,"F"
16.1768120611641,32.5,1.6,4.5,0.7,0.1,1,0.473,0.847,0.556,"F"
19.2846625928549,34.8,4.8,6.6,1.1,0.8,2,0.456,0.772,0.487,"F"
21.2954772505948,33.9,2.8,5,0.4,0.2,2.2,0.434,0.74,0.485,"G"
6.56154844327295,17.7,2,2.4,0.5,0.2,0.9,0.379,0.787,0.47,"G"
8.0606615013442,19.6,2.4,2.8,0.4,0.3,1.1,0.386,0.778,0.477,"G"
3.30689263760049,13.2,1.1,1.6,0.7,0.2,0.2,0.354,1,0.443,"G"
6.38466253001114,14.5,1.3,5.5,0.5,0.9,1.2,0.644,0.595,0.656,"C"
8.06940073245705,21.7,1.5,3.7,0.7,0.3,0.8,0.508,0.793,0.568,"F"
6.96170065345192,21.9,1.6,3.8,0.7,0.6,0.6,0.42,0.708,0.583,"F"
4.11385074861033,14.3,0.9,3.2,0.5,0.8,0.6,0.454,0.543,0.508,"F"
4.47909070555812,15.4,0.9,3.4,0.5,0.8,0.6,0.449,0.554,0.506,"F"
3.09322026370863,8.7,0.9,2.3,0.4,0.7,0.7,0.48,0.4,0.52,"F"
21.7482216552465,33.5,5.4,3.9,0.9,0.7,2.9,0.506,0.842,0.551,"G"
11.1678687984152,25.8,1.5,3.5,0.8,0.1,1.1,0.395,0.769,0.52,"G"
11.9630775952736,26.8,1.7,3.6,0.8,0.1,1.1,0.396,0.841,0.522,"G"
9.98126273454776,23.9,1.2,3.3,0.8,0,1.2,0.392,0.619,0.515,"G"
5.31595149661803,13.5,0.7,2.2,0.4,0.1,0.9,0.395,0.73,0.492,"F"
3.4036061901491,10.9,0.5,1.2,0.2,0.2,0.2,0.431,0.867,0.603,"F"
10.5952868113454,27.1,2.9,3.7,0.9,0.6,0.9,0.4,0.723,0.511,"G"
10.7139422792974,26.9,2.6,3.1,0.9,0.6,0.9,0.402,0.78,0.517,"G"
9.65418235241088,27.5,3.5,4.9,1,0.7,0.8,0.395,0.533,0.5,"G"
11.5715287075412,27.6,1.5,4.7,0.9,0.2,0.9,0.422,0.861,0.513,"F"
12.4729226207563,28.8,1.6,4.7,1,0.2,1,0.404,0.861,0.488,"F"
9.72229562854857,25.2,1.4,4.8,0.8,0,0.7,0.47,0.862,0.578,"F"
3.41519622043587,8.1,0.4,1.3,0.3,0.3,0.4,0.594,0.8,0.609,"C"
3.54922860323032,12,1,3.6,0.4,0.7,0.6,0.552,0.548,0.576,"C"
2.69500726860305,9.6,0.9,2.3,0.4,0.5,0.6,0.519,0.458,0.558,"C"
4.78457656687387,15,1.2,5.2,0.4,0.9,0.6,0.575,0.667,0.589,"C"
4.64083581986113,14.3,0.9,4.3,0.3,1.4,0.8,0.578,0.357,0.578,"C"
2.34770996171424,9,0.4,0.6,0.2,0,0,0.185,1,0.259,"G"
12.7586443919052,27.9,2.8,3.1,0.8,0.3,1.2,0.447,0.831,0.566,"G"
19.8746430070808,32.1,2.6,3.8,0.6,0.1,2.3,0.488,0.884,0.57,"F"
11.4460792027304,21.5,1,5.8,0.4,1.2,1.6,0.546,0.759,0.577,"F"
0.712509847131491,4.9,0.5,0.5,0.2,0.1,0.5,0.15,0,0.15,"G"
21.8868759201958,34.6,5.5,4.5,1,0.3,2.7,0.494,0.855,0.546,"G"
3.99686013614159,11.3,0.9,1.4,0.4,0,0.5,0.418,0.763,0.467,"G"
6.86201336115549,20,0.4,5.5,0.6,0.8,0.5,0.493,0.762,0.552,"F"
5.69343890344546,15.1,1.2,2.1,0.4,0.1,0.9,0.358,0.667,0.443,"G"
4.30795471414993,14.2,0.8,1.2,0.8,0.4,0.8,0.429,0.5,0.5,"G"
5.31633610309308,16.3,1,1.3,1,0.5,1,0.462,0.5,0.538,"G"
0,6,0,1,0,0,0,0,0,0,"G"
3.00772165227596,2.8,0.1,0.9,0.1,0.1,0.1,0.5,1,0.625,"C"
10.326518964644,23.5,1.9,2.7,0.5,0.1,1.2,0.44,0.829,0.503,"F"
5.32396565320403,9.8,0.8,1.5,0,0.5,0.5,0.571,1,0.714,"F"
4.93814088275902,15.5,0.8,2.4,0.5,0.2,0.5,0.495,0.625,0.554,"G"
19.4155055371331,35.7,3.3,4.4,1.1,0.7,1.5,0.468,0.895,0.535,"F"
19.4632430840667,36.4,3.6,4.3,1.2,0.8,1.4,0.463,0.897,0.529,"F"
19.4097723656406,34.2,2.7,4.5,1,0.6,1.8,0.475,0.894,0.543,"F"
4.88215081962896,16.7,0.7,3.4,0.5,0.2,0.5,0.386,0.717,0.461,"F"
12.5276187625842,26,3.7,4.2,0.7,0.3,1.5,0.484,0.87,0.574,"G"
14.352279867389,30.3,2.6,3.3,0.9,0.2,1.4,0.396,0.779,0.468,"F"
13.3614675335939,28.5,3.4,4.1,1.1,0.6,1.5,0.483,0.758,0.545,"G"
2.02681695545993,5.8,0.2,1.2,0.3,0.3,0.4,0.393,0.417,0.411,"F"
23.8042145599056,35.9,3.5,6.9,1.1,0.4,2.9,0.491,0.765,0.55,"F"
2.18712200103502,6.7,0.5,1,0.7,0,0.3,0.571,0.5,0.571,"G"
3.23751376908722,8.2,0.1,3.9,0.1,0.4,0.4,0.635,0.458,0.635,"C"
3.28050308343915,8.5,0.1,4.1,0.1,0.4,0.4,0.635,0.458,0.635,"C"
0,3,0,0,0.5,0,0.5,0,0,0,"C"
0,6,0.5,2,0.8,0,0,0,0,0,"G"
8.86773230400527,24.5,1.3,4.1,0.8,0.2,0.6,0.43,0.872,0.545,"F"
20.1163080471173,35,6.2,3.5,0.9,0.2,2.1,0.491,0.829,0.547,"G"
6.8326392753812,18.3,0.5,5.7,0.3,0.5,0.6,0.623,0.738,0.659,"C"
8.69893186945772,21.4,0.7,6.8,0.3,0.6,0.7,0.654,0.741,0.691,"C"
4.52587631071052,11.4,0.1,3.3,0.1,0.4,0.6,0.485,0.722,0.515,"C"
12.1815364371779,30.3,1.4,3.6,0.7,0.2,0.5,0.409,0.703,0.569,"F"
9.082069845815,22,2.2,3.1,0.7,0.2,1.1,0.436,0.814,0.544,"G"
0,3,0,0,0,0,0,0,0,0,"G"
2.44121383602487,12.8,1.3,0.7,0.8,0,0.8,0.469,0,0.578,"G"
15.7396474035069,33.4,5.3,5.9,1.8,0.3,1.6,0.539,0.85,0.56,"F"
1.60305324841827,11.6,0.6,0.9,0.4,0.5,0.1,0.321,0.75,0.396,"C"
3.7576205599799,13.3,0.7,2.9,0.6,0.1,0.3,0.561,0.773,0.614,"F"
13.9764342097464,31.3,2.4,2.7,1.5,0.5,1.1,0.462,0.824,0.569,"G"
0.791015234487453,6.5,1.1,0.3,0.8,0,0.4,0.231,0.5,0.346,"G"
5.34724183541911,14.8,1.3,2.1,0.4,0.2,0.6,0.476,0.927,0.57,"F"
11.1591669640018,26.6,0.9,11,0.7,1.2,0.8,0.653,0.603,0.653,"C"
2.17672820132451,2.5,0.3,1,0.2,0.2,0.2,0.25,1,0.25,"C"
8.60576489240978,22.3,2.4,2.5,0.8,0.4,1,0.423,0.816,0.549,"G"
16.3847495691987,29.6,2.3,8.7,0.5,0.6,1.9,0.525,0.738,0.591,"C"
4.86823378867673,11,1.8,1.3,0.3,0.3,1,0.429,0.571,0.464,"G"
8.2659506147255,23.5,2.9,2.9,1.5,0.7,1.1,0.455,0.808,0.551,"G"
6.82196629317466,18.8,0.6,3.5,0.4,0.3,0.6,0.454,0.824,0.581,"F"
0,3.5,0,0,0.5,0,0,0,0,0,"F"
8.31065169986309,20.9,0.7,4,0.3,0.3,0.7,0.461,0.824,0.59,"F"
0,6.8,0.8,1.6,0.2,0,0,0.333,0,0.367,"F"
2.31731735154573,3.7,0.3,1.3,0,0,0,1,0,1,"F"
0,11.5,1.5,2,0.5,0,0,0.167,0,0.208,"F"
2.54934005916468,7.8,1.6,1.1,0.3,0.1,0.5,0.422,0.462,0.434,"G"
4.47745424980306,12.5,0.5,1.8,0.2,0.2,0.3,0.415,0.875,0.538,"G"
5.3594915254821,12.3,1.1,1.1,0.5,0.2,0.9,0.465,0.75,0.497,"G"
8.34603770480835,19.5,1.3,5.5,0.6,0.7,1,0.656,0.723,0.658,"F"
22.0749543306904,32.6,4.4,4,0.5,0.2,3,0.444,0.816,0.519,"G"
14.3931731307203,29.9,1.9,9.2,0.9,2.5,1.3,0.705,0.541,0.705,"C"
4.32151109958965,12.5,1.1,1.1,0.1,0.1,0.4,0.386,0.778,0.424,"G"
14.9399616310858,30,1.2,6.5,0.6,1,1.1,0.508,0.803,0.557,"F"
11.7683355823406,22.9,2.9,6.4,0.6,0.8,2,0.518,0.761,0.568,"C"
5.36803346844946,21,0,3,0,1,0,0.6,0.25,0.6,"C"
13.3386297259121,30.3,6.7,2.7,1.1,0.2,1.5,0.428,0.834,0.539,"G"
13.1468946128601,29.7,7.7,2.5,1,0.2,1.7,0.408,0.813,0.511,"G"
13.9863785712659,31.4,5,3.1,1.2,0.2,1.2,0.46,0.863,0.583,"G"
8.14501341731448,23.7,1.3,4.6,0.6,0.2,0.5,0.392,0.659,0.521,"G"
4.40230567607751,12.6,0.6,3.8,0.6,0.4,0.8,0.607,0.4,0.607,"F"
4.93817496709034,16.2,1.2,3.5,0.8,0.7,0.7,0.445,0.75,0.563,"F"
9.97043304135976,24.7,1.5,5.4,0.6,0.8,0.9,0.456,0.711,0.556,"F"
5.461380919326,18.9,1.5,3.8,0.7,0.3,0.4,0.479,0.833,0.606,"F"
4.8109225542175,13.7,0.6,3.8,0.6,0.2,0.7,0.395,0.692,0.407,"G"
22.5408476143743,33.3,6,6.2,0.8,0.6,3.3,0.415,0.837,0.453,"G"
7.83142165637479,19.9,1.6,1.6,0.6,0.1,0.8,0.463,0.927,0.568,"G"
23.6763707584678,34.7,6.3,6.1,0.9,0.4,3.2,0.493,0.915,0.614,"G"
6.20010739937658,17.7,2.3,3.2,0.7,0.2,1,0.418,0.65,0.483,"G"
20.3458403905405,34,2.6,12.5,1.1,2,2.2,0.563,0.784,0.573,"C"
4.53225639058877,15.1,1,2.3,0.4,0.3,0.6,0.386,0.519,0.436,"G"
4.92950969463988,13.1,1,2.2,0.7,0.2,0.8,0.423,0.791,0.545,"G"
2.33114953379386,5.5,0.9,0.8,0.2,0.2,0.3,0.421,0.5,0.474,"G"
2.99977086778651,6.3,0.3,1.5,0,0.3,0,0.417,1,0.542,"F"
4.3549281574585,11.2,0.7,3.5,0.2,0.5,0.7,0.51,0.673,0.55,"C"
4.32363358402364,11.7,0.5,3.6,0.2,0.5,0.6,0.496,0.727,0.539,"C"
2.92913719088396,9.5,1.3,3.1,0.3,0.6,0.8,0.591,0.2,0.614,"C"
2.09082024248023,6.7,1.3,0.4,0.2,0,0.3,0.34,0.571,0.43,"G"
21.1550168078112,36.2,5.1,4.6,1.1,0.5,2.1,0.504,0.872,0.522,"F"
3.34587558699888,8.9,0.2,2.3,0.3,0.4,0.4,0.511,0.625,0.521,"F"
4.54642641267459,8,0.4,1.4,0.2,0.4,0.5,0.48,1,0.55,"F"
7.76767991653087,17.8,1,3.5,0.9,0.3,1.3,0.573,0.588,0.58,"G"
4.95948058288939,11.5,1.7,3.5,0.1,0.5,1,0.385,0.769,0.474,"C"
4.70239752075158,14.6,1.2,2.7,0.4,0.2,0.7,0.42,0.652,0.492,"F"
18.5190079057481,34.5,6.5,3.4,0.8,0.3,1.8,0.438,0.812,0.524,"G"
18.5669179650935,34.1,5.3,3.1,0.7,0.3,1.7,0.455,0.821,0.555,"G"
18.5088776154714,35.3,9.1,4.1,1.1,0.3,2.1,0.404,0.797,0.465,"G"
11.7160943595441,26.3,3.5,4.5,1.3,0.1,1.6,0.435,0.817,0.574,"G"
24.44867222208,36.2,8,8.6,1.4,0.5,3.6,0.496,0.742,0.56,"G"
2.14094924094904,2.7,0,0.7,0,0,0,0.8,0,0.9,"G"
14.493039338011,30.7,2.1,4.6,1,0.3,1.2,0.388,0.772,0.466,"G"
11.7485089348911,26.2,2.6,2.8,0.8,0.3,1.2,0.493,0.805,0.545,"G"
0,8.8,1.3,1.7,0.8,0,0.5,0.1,0,0.15,"G"
2.54635220822903,10.4,1.2,0.9,0.4,0.1,0.2,0.439,0.667,0.482,"G"
0.257494080985702,4.9,0.6,0.9,0.4,0.1,0.3,0.303,0,0.333,"G"
6.36001038482304,15,2.6,1.4,0.2,0.1,1.1,0.421,0.689,0.499,"G"
6.38076257359086,15.4,2.7,1.4,0.2,0.1,1.1,0.425,0.659,0.5,"G"
6.1415136464146,11.9,1.7,1.7,0.3,0,1,0.389,1,0.486,"G"
5.25272633135563,12.7,0.5,6.6,0.7,0.4,1.1,0.606,0.536,0.606,"C"
7.28581637526007,19.5,1.4,2.5,0.5,0.2,0.9,0.369,0.847,0.452,"F"
4.69578979011731,9.9,0.9,1.3,0.4,0,0.8,0.462,0.706,0.468,"G"
11.1901497314196,25.8,5.6,4.5,1.1,0.5,1.6,0.537,0.774,0.576,"G"
25.6418478902776,35.6,5,6.7,0.7,1.4,3.3,0.56,0.919,0.614,"F"
26.4052956387478,36,5.3,6.7,0.8,1.5,3.5,0.559,0.934,0.607,"F"
22.3501190430085,33.6,3.5,6.4,0.3,1.3,2.5,0.57,0.833,0.656,"F"
11.7684458909827,24.9,1.1,8.9,0.7,0.9,1.4,0.648,0.611,0.648,"C"
8.28654921841424,21.5,1.1,6,1.2,0.6,1.2,0.448,0.752,0.493,"F"
24.1526790791226,36,4.4,5.8,1.6,0.7,3.3,0.459,0.756,0.528,"G"
3.09108969679565,10.7,0.6,1.7,0.4,0.2,0.4,0.387,0.733,0.478,"F"
1.60754345487981,5.6,0.1,1,0.2,0.1,0.3,0.25,0.5,0.292,"F"
3.79372582221874,13.9,1,2.1,0.5,0.2,0.4,0.435,0.769,0.543,"F"
1.94690884592529,4.4,0.4,0.5,0.3,0.1,0.1,0.438,0.571,0.625,"G"
24.2715840973122,34.6,4.2,10.2,1,1.7,3.4,0.548,0.857,0.573,"C"
7.89794784066624,20.3,1.3,5.4,0.5,1.3,0.9,0.641,0.664,0.651,"C"
4.00800088017034,10.4,0.8,3.5,0.2,0.9,0.6,0.527,0.7,0.527,"C"
4.11601247815871,11.7,1,3.9,0.2,1,0.6,0.516,0.682,0.516,"C"
4.61178876481151,5.1,0.1,1.9,0,0.4,0.6,0.579,0.833,0.579,"C"
13.4871258046361,30.4,1.5,4.8,0.8,0.5,0.9,0.391,0.763,0.505,"F"
14.6546200076754,32.2,1.5,4.7,1,0.5,0.9,0.416,0.75,0.54,"F"
11.8528781596624,27.7,1.6,4.9,0.7,0.6,1,0.351,0.789,0.448,"F"
4.00510563489629,13,1.3,1.4,0.4,0.1,0.5,0.36,0.758,0.457,"G"
5.55232426808474,14.7,0.8,1.7,0.3,0.2,0.8,0.369,0.795,0.47,"F"
4.55730691434813,10.7,0.7,0.6,0.3,0.1,0.5,0.361,1,0.446,"G"
4.38882206618857,12,1.7,1.6,0.3,0.1,0.7,0.417,0.667,0.417,"G"
0,1,0,0,0,0,0,0,0,0,"F"
6.07470990570355,17,1.3,1.8,0.6,0.1,0.8,0.337,0.857,0.443,"G"
19.589897850798,33.4,6.1,4.2,1.1,0.3,2.5,0.512,0.78,0.557,"G"
15.2553381288156,29.6,5.7,3.9,1.5,0.4,2.3,0.514,0.783,0.534,"G"
5.78154039871263,15.1,0.5,4.2,0.4,0.5,0.7,0.596,0.619,0.615,"F"
9.32509121364184,20.6,1.1,5.6,0.4,1.3,1.1,0.732,0.679,0.732,"C"
21.8957275905718,35.5,7.8,2.7,1.2,0.1,2.9,0.462,0.863,0.537,"G"
3.89410593119299,12.9,0.9,4.1,0.6,0.4,0.6,0.486,0.617,0.554,"F"
3.89812821023715,8.7,0.6,2.3,0.1,0.1,0.5,0.543,0.788,0.603,"C"
5.40044727138014,14.6,1,2.9,0.3,0.3,0.7,0.38,0.857,0.437,"F"
22.4060036192684,34.6,5.1,6.1,1.5,0.4,3.1,0.457,0.871,0.536,"G"
3.34650126856826,9.8,0.7,1.9,0.3,0.2,0.5,0.52,0.714,0.552,"C"
19.0270282804331,31.1,6.2,7.9,0.8,0.4,2.8,0.482,0.731,0.516,"G"
22.2167480610475,35.5,5.5,4.8,1.6,1,2.8,0.51,0.905,0.531,"G"
3.84596710915193,10.6,0.6,1.7,0.1,0.2,0.3,0.538,0.731,0.553,"F"
18.9861583071915,41,7,4,3,0,2,0.333,0,0.5,"G"
16.9256866447346,30.7,1.2,11.6,0.8,1.4,1.7,0.659,0.644,0.659,"C"
5.85649356114547,17.8,2.7,3.3,0.9,0.4,0.9,0.448,0.768,0.501,"G"
14.6301093048031,30.2,3,6.6,0.8,0.8,1.4,0.564,0.608,0.603,"F"
14.464489475147,28.5,2.7,1.9,0.6,0.4,1.5,0.446,0.821,0.547,"G"
16.5986374165365,30.2,2.9,2.1,0.6,0.4,1.8,0.439,0.815,0.528,"G"
10.7821924418433,24.9,2.1,1.7,0.6,0.4,1,0.463,0.842,0.597,"G"
5.5520452535431,18.3,2.7,1.7,0.6,0.2,0.7,0.374,0.748,0.512,"G"
3.95583642623613,15.3,2.2,1.4,0.6,0.2,0.5,0.368,0.746,0.511,"G"
11.0598196229594,26.4,4,2.5,0.8,0.3,1.3,0.38,0.75,0.513,"G"
21.0772446830748,35.7,2.4,4.5,0.8,0.8,1.8,0.475,0.813,0.554,"F"
27.8600925583202,35,7,9,0,1,4,0.5,1,0.583,"F"
4.264303061681,9.9,0.6,1.3,0.2,0,0.3,0.424,1,0.6,"G"
6.29674116970048,12.5,0.5,1.3,0.5,0.3,0.9,0.449,1,0.612,"G"
3.93497550095526,14.3,0.7,1.3,0.3,0,1,0.273,0,0.409,"G"
6.17117525069253,11.9,0.5,1.3,0.6,0.4,0.9,0.5,1,0.671,"G"
18.4399134950107,31.5,6.8,7.2,1,0.8,2.8,0.527,0.713,0.57,"F"
21.7572984956271,34.2,3.7,3.7,0.8,0.2,2.6,0.416,0.786,0.485,"G"
6.12060840271191,14,0.9,3.6,0.4,0.4,0.9,0.54,0.776,0.623,"F"
5.01358494686729,15,0.7,2.8,0.8,0.7,0.6,0.565,0.667,0.625,"G"
7.57029737712481,19.5,1.2,2.6,0.3,0.3,0.8,0.488,0.744,0.534,"F"
11.8916490530337,25.7,1.7,3,0.7,0.1,1.2,0.537,0.723,0.626,"G"
6.77511207323834,19.5,1,2.1,0.6,0.2,0.6,0.465,0.894,0.56,"F"
3.72944905584257,13.9,1.5,3.8,0.3,0.2,0.5,0.485,0.656,0.573,"C"
14.065938041217,29.9,2.1,3.2,0.7,0.4,1,0.468,0.796,0.599,"G"
9.72171569573919,23.3,0.9,4.5,0.3,0.4,0.8,0.486,0.739,0.53,"F"
11.3353693666136,24.3,1.2,4.3,0.4,0.4,1.2,0.488,0.759,0.534,"F"
8.48066140470677,22.4,0.7,4.7,0.2,0.4,0.5,0.485,0.721,0.525,"F"
17.3070631482343,33.6,10.4,3.7,1.6,0.4,2.5,0.49,0.871,0.586,"G"
4.27601747964894,9.2,1.2,1.3,0.1,0,0.8,0.321,0.778,0.375,"F"
6.16391255131389,16,1.1,1.9,0.6,0.2,0.9,0.43,0.75,0.517,"G"
5.36266833802372,13.9,1.3,1.5,0.6,0.2,0.8,0.439,0.838,0.518,"G"
7.43105525465011,18.5,1,2.3,0.5,0.2,1,0.423,0.667,0.516,"G"
13.5477920146504,30.3,1.8,3.5,0.7,0.2,0.8,0.401,0.77,0.527,"G"
23.7131770699187,36.8,10.7,6.1,1.2,0.5,3.4,0.441,0.867,0.536,"G"
6.55487354840219,14.8,1.4,1.9,0.4,0.1,1,0.438,0.823,0.533,"G"
3.18754182471829,5.3,0.4,0.8,0,0.1,0,0.5,1,0.594,"F"
4.38302769702162,11.9,0.6,2.8,0.3,0.4,0.6,0.598,0.693,0.598,"C"
9.32564337936919,24.7,1.2,2,0.9,0.3,0.6,0.45,0.9,0.603,"G"
7.01478905175862,20.6,1.4,2.2,0.5,0.2,0.6,0.457,0.643,0.618,"G"
4.88377993537253,13.4,0.5,2.1,0.5,0.1,0.6,0.439,0.756,0.514,"G"
16.7029035918062,32.9,2.5,5.7,0.9,0.5,1.2,0.501,0.876,0.575,"F"
6.08696445470254,24,6,4.4,2.2,0.4,1.2,0.417,0.733,0.458,"G"
15.9232442645835,32.3,3.8,7.8,1.2,0.3,1.5,0.529,0.75,0.588,"F"
16.8885872572769,33.4,3.9,8.2,1.1,0.2,1.5,0.504,0.731,0.551,"F"
14.4751174261407,30,3.6,7,1.4,0.5,1.5,0.586,0.789,0.672,"G"
6.87117001375179,19.8,1.2,6.5,0.6,0.8,0.8,0.535,0.676,0.547,"C"
2.35014493365828,10.1,0,1.6,0.1,0.3,0.1,0.345,0.8,0.397,"C"
4.63933793729807,16.1,0.9,2.6,0.4,0.3,0.4,0.455,0.706,0.631,"F"
4.58626010594242,13,0.7,2.8,0.4,0.4,0.7,0.551,0.699,0.561,"C"
13.8181189807414,28.3,6.2,2.9,1.4,0.4,2.3,0.377,0.821,0.426,"G"
17.2403730305187,31.5,4.1,4.3,0.8,0.2,2,0.475,0.811,0.52,"F"
3.74804585522714,14.6,0.6,2.9,0.4,0.1,0.4,0.421,0.563,0.496,"F"
5.4630595319604,12.1,0.9,4.7,0.4,0.3,1,0.527,0.779,0.536,"C"
22.1451808498686,34.9,4.2,5.4,0.8,0.2,2.4,0.439,0.934,0.531,"G"
15.6800161036722,31,2.8,5,1.2,0.3,1.7,0.458,0.822,0.596,"F"
5.37328585165765,17.9,0.8,3.5,0.7,0.3,0.8,0.431,0.464,0.516,"F"
5.98466116947847,18.1,2.4,1.8,0.6,0.1,0.7,0.47,0.764,0.572,"G"
6.72222031431892,19.1,2.5,1.9,0.5,0.1,0.8,0.447,0.739,0.534,"G"
5.44302641387815,15.1,1.9,1.6,0.6,0.3,0.6,0.559,0.889,0.721,"G"
0.683335807964949,1.8,0,0.6,0,0,0,0.5,0,0.625,"F"
4.47470039067689,13.4,1.4,1.2,0.6,0.2,0.6,0.418,0.844,0.5,"G"
19.6117366270975,32.6,7.4,5.1,1.2,0.4,2.9,0.479,0.859,0.556,"G"
4.53299868496124,15.3,0.9,1.2,0.4,0.4,0.5,0.377,0.625,0.49,"G"
2.65606462030979,14.7,0.9,0.8,0.2,0.4,0.4,0.384,0,0.504,"G"
4.50398745725188,16.4,0.9,1.8,0.8,0.5,0.6,0.367,0.625,0.468,"G"
3.64586938098177,8.3,0.2,1.9,0.1,0.3,0.3,0.618,0.789,0.646,"C"
12.3339408763741,30.5,3,6.2,0.5,1,0.6,0.476,0.714,0.627,"C"
10.0344742822297,20.2,3.8,3.2,0.6,0.4,1.9,0.419,0.75,0.467,"G"
4.76142706470279,14.4,0.8,1.7,0.3,0.2,0.5,0.472,0.75,0.566,"F"
5.01992885899546,15.9,0.6,1.9,0.2,0.1,0.4,0.363,0.833,0.489,"F"
3.10424575116899,5.6,0.6,0,0,0,0.2,0.222,1,0.333,"G"
13.4582715024521,29.4,2.9,3.3,1.1,0.3,1.3,0.485,0.725,0.603,"G"
5.33133230347552,13.6,1.4,3,0.4,0.6,0.7,0.6,0.938,0.72,"C"
16.4711431896831,31.7,1.4,4.2,0.5,0.3,1.2,0.461,0.826,0.522,"F"
8.62969027645559,19.4,3.1,2.4,0.7,0.3,1.5,0.399,0.843,0.502,"G"
9.0774168833977,19.5,3,2,0.7,0.3,1.6,0.399,0.866,0.503,"G"
6.62635123994777,18.9,3.4,3.5,0.8,0.1,1.1,0.401,0.75,0.496,"G"
4.46975555230989,11.6,0.3,2.8,0.1,0.4,0.7,0.481,0.615,0.537,"C"
5.36408544051641,14.1,2.4,2.1,0.5,0.4,1.1,0.467,0.667,0.5,"F"
9.01857812626337,22.7,3.3,2.8,0.7,0.1,1.2,0.435,0.857,0.603,"F"
23.5214516617665,34.2,5.8,5.5,0.7,0.4,3.3,0.484,0.882,0.522,"F"
22.701111430379,37.4,5.5,5.1,1.1,0.8,2.1,0.494,0.905,0.572,"G"
23.1050553668355,37,5.3,5.1,1,0.8,2.3,0.486,0.883,0.565,"G"
22.4821662963846,38.2,6,5,1.3,0.6,1.9,0.51,0.947,0.586,"G"
1.35526355842866,11.3,0.5,4,1.3,0.4,0.4,0.415,0.556,0.472,"F"
20.2943132857517,31.1,5.2,3.9,0.8,0.2,3.2,0.416,0.747,0.477,"G"
0,5,1,2,0,0,0,0,0,0,"G"
5.82090153501305,16.5,0.8,4.5,0.5,1.5,0.8,0.563,0.651,0.566,"C"
14.5784857728746,28.4,1,6.8,1,3,1.7,0.506,0.788,0.567,"C"
0.865771469616289,4.7,0.4,0.7,0.2,0.2,0.1,0.259,0.5,0.352,"F"
4.45557531147712,15,1.7,0.9,0.4,0.1,0.4,0.452,0.773,0.464,"G"
12.0014334881503,24.4,3.4,2.1,0.7,0.1,1.7,0.411,0.91,0.486,"G"
13.1648140217396,25.7,3.5,2.2,0.7,0.1,1.8,0.418,0.924,0.493,"G"
7.96016593165686,19.9,3.1,1.8,0.6,0.1,1.2,0.383,0.833,0.457,"G"
23.5426772439442,35.5,6.8,8.3,0.9,0.6,3.2,0.5,0.768,0.549,"F"
6.44058452078534,18.1,3,1.7,0.5,0.1,0.7,0.488,0.927,0.56,"G"
6.15218799478286,19.1,1.2,2.4,0.7,0.1,0.5,0.441,0.82,0.599,"G"
4.66301541340297,7.5,0.3,2.5,0.3,0,1,0.5,0.5,0.5,"F"
11.6339321091459,28.5,1.9,4.4,1.2,0.3,0.9,0.47,0.842,0.579,"F"
9.05120910996863,25.2,1.5,3.8,0.9,0.4,0.6,0.474,0.818,0.604,"F"
13.6365611945274,30.8,2.1,4.8,1.4,0.3,1.1,0.468,0.851,0.565,"F"
4.5706897082928,14.9,1.2,4,0.5,0.5,0.6,0.491,0.628,0.537,"F"
2.32975872246985,9,0.8,1.7,0.4,0.3,0.4,0.449,0.5,0.48,"F"
19.008076117615,32.7,2.9,5,0.7,0.2,2.1,0.452,0.749,0.512,"F"
4.86850433947678,10.4,1.5,1.1,0.5,0.2,1.1,0.376,0.659,0.455,"G"
6.19611247558323,15.6,2.2,3.2,0.5,0.2,1.1,0.533,0.667,0.607,"F"
21.5500226000333,33.7,9.8,11.8,1.3,0.7,3.6,0.632,0.822,0.66,"C"
2.55883368711667,8,0.9,0.7,0.3,0,0.3,0.4,0.625,0.5,"G"
4.93131539299055,11.6,0.4,3,0.2,0.5,0.6,0.64,0.759,0.698,"C"
3.58116154989827,8,0.2,2.5,0.1,0.5,0.4,0.541,0.75,0.541,"C"
6.49970122003838,15.8,0.6,3.5,0.3,0.5,0.7,0.714,0.778,0.816,"C"
4.21115391436478,14,0.5,2.4,0.5,0.6,0.4,0.5,0.738,0.559,"F"
12.5530281124739,29.6,2.5,4.1,1.6,0.6,1.3,0.469,0.764,0.525,"F"
4.63285663551335,12,0.3,2.7,0.4,0.7,0.7,0.558,0.731,0.575,"C"
12.7087449097901,29.2,6.6,3.6,1.3,0.1,1.6,0.459,0.86,0.489,"G"
7.9529464911273,24.3,5.2,2.5,1,0.1,0.9,0.438,0.8,0.523,"G"
7.0919744899141,15,0.9,5.2,0.3,0.6,1.2,0.765,0.458,0.77,"C"
7.02425803031576,19.8,3.5,1.7,0.5,0.1,0.9,0.427,0.792,0.527,"G"
5.16547928527788,13.6,0.7,2.1,0.5,0.1,0.7,0.406,0.947,0.464,"F"
2.56838996520172,12.9,0.4,2.2,0.2,0.2,0.2,0.337,0.5,0.409,"F"
2.96146649817283,9,0,2.5,0.5,0,0.3,0.286,1,0.286,"F"
2.77987595043742,6.5,0.9,1.4,0.2,0.1,0.3,0.492,0.875,0.595,"C"
2.99416806000841,6.8,0.8,1.4,0.2,0,0.3,0.568,0.833,0.693,"C"
1.62201664353959,5.9,1.1,1.6,0.1,0.3,0,0.316,1,0.368,"C"
0.119759157392174,2.7,0,0.7,0,0,0,0.25,0,0.375,"G"
9.48556347571229,22.3,1.5,2.7,0.5,0.1,0.8,0.492,0.949,0.666,"G"
9.01949836618831,20.7,1.1,2.4,0.5,0.1,0.9,0.464,0.95,0.604,"G"
10.3119865354819,24.6,2.3,3.1,0.5,0,0.7,0.526,0.947,0.743,"G"
9.4111044029189,23,0.9,8.4,0.4,2.3,0.8,0.72,0.516,0.721,"C"
5.19740548473594,3,0,0.3,0,0,0,1,1,1,"F"
13.9794610036368,29,2,4,1,0,2,0.615,0,0.769,"F"
12.6134611720611,28.3,1.2,2.8,0.4,0.1,0.7,0.497,0.852,0.637,"F"
9.58288343853989,25.1,1.4,3.6,0.3,0.8,0.7,0.456,0.711,0.571,"C"
4.13364152202969,7.7,0.3,1.5,0.3,0.2,0.6,0.568,0.684,0.617,"F"
5.91894247197408,15.1,0.5,2.8,0.4,0.2,0.8,0.458,0.767,0.556,"F"
5.92964475106301,14.1,0.4,2.6,0.3,0.3,0.8,0.469,0.788,0.589,"F"
6.48773646345879,17.1,0.9,3.3,0.5,0,0.9,0.444,0.741,0.516,"F"
3.18645114184998,13.8,0.5,2.9,0.4,1,0.3,0.48,0.627,0.483,"C"
6.09875049615579,20.8,1.4,4.3,1.1,0.3,0.5,0.431,0.778,0.525,"G"
4.22916080734548,9.5,0.6,1.1,0.3,0.1,0.6,0.432,0.722,0.514,"G"
4.42846754960734,11.7,0.8,2.9,0.2,0.7,0.4,0.665,0.821,0.674,"C"
2.07258105772347,5.7,0.6,0.9,0.2,0,0.2,0.405,0.5,0.473,"G"
9.20628365645723,20.8,1.9,3.4,0.6,0.5,1.4,0.525,0.652,0.579,"F"
23.8556629065815,35,3.7,7.2,0.6,0.5,3,0.448,0.73,0.518,"F"
7.36184599882684,19.3,1.5,3.5,0.5,0.3,0.9,0.471,0.767,0.588,"F"
5.91716808120726,14.2,1,4.1,0.2,0.4,0.9,0.528,0.752,0.559,"C"
6.97092931122487,19.6,1.2,2.7,0.6,0.3,0.7,0.467,0.696,0.498,"G"
3.94191521553583,11.8,0.6,1.8,0.3,0.1,0.5,0.389,0.778,0.516,"F"
23.116933843287,35.9,4.2,4.5,0.9,0.2,2.5,0.485,0.848,0.558,"G"
2.20937580799904,7.2,0.1,1.4,0.1,0,0.2,0.5,0.25,0.614,"G"
2.94241704706885,2,0,1,0,0,0,1,0,1,"G"
2.19800422104313,7.6,0.1,1.4,0.1,0,0.2,0.488,0.25,0.605,"G"
9.42978697517995,20.4,1.3,3,0.4,0.1,1.1,0.442,0.904,0.564,"G"
4.97578780061225,14.9,2.7,1.8,0.8,0,1,0.405,0.737,0.45,"G"
5.32601110791739,5,1,0,0.5,0,1.5,0.75,0,0.75,"G"
4.87857742839877,15.8,2.8,2,0.8,0,0.9,0.393,0.737,0.44,"G"
3.56932527785056,6.2,0.5,2.3,0.2,0.4,0.6,0.533,0.688,0.533,"C"
17.5140606530558,33.6,3.9,6.5,1.4,0.5,1.7,0.512,0.871,0.572,"F"
5.41441540807739,12.7,0.1,3.8,0.2,0,0.7,0.483,0.889,0.603,"C"
14.6311735945908,30.2,3.9,3.8,1,0.3,1.6,0.431,0.722,0.517,"G"
3.76771737475461,9.4,0.9,1.3,0.4,0.1,0.4,0.455,0.864,0.54,"G"
24.9360903294283,36.3,7.3,4.8,0.9,0.3,3.3,0.463,0.914,0.564,"G"
6.34488792797826,18.1,0.9,2.6,0.4,0.4,0.7,0.442,0.717,0.538,"F"
8.54880565406115,23.1,0.8,2.8,0.5,0.5,0.6,0.417,0.821,0.545,"F"
3.38304007390812,7.3,0.8,2.1,0.2,0.1,0.5,0.527,0.593,0.559,"F"
7.84581178497171,23.9,2.5,9.3,0.6,0.6,0.5,0.63,0.606,0.63,"C"
15.979969032883,30.4,1.3,6.7,0.5,2.5,1.4,0.531,0.784,0.606,"C"
4.79699603542491,8.1,0.5,1.4,0.1,0.2,0.7,0.64,0.778,0.653,"C"
8.6655968980518,20,1.9,6.4,0.3,0.2,1.1,0.389,0.879,0.506,"F"
8.89317342152145,20,1.9,6.8,0.2,0.2,1.1,0.389,0.889,0.511,"F"
8.38655829011314,20,1.9,5.7,0.4,0.2,1.1,0.388,0.857,0.496,"F"
16.2109397191119,31.2,5.1,4.1,1,0.4,1.9,0.404,0.859,0.514,"G"
6.91089307632496,16.9,0.9,4.1,0.4,0.4,0.9,0.458,0.815,0.565,"F"
7.70678683075762,19.4,3.5,2.8,0.8,0.3,1.3,0.402,0.851,0.457,"G"
5.02506712826802,15.3,1.4,4.3,0.3,0.3,0.8,0.422,0.684,0.487,"C"
2.27736079516711,9,0.7,2.3,0.2,0.2,0.4,0.328,0.667,0.388,"C"
10.03370097027,23.3,2.4,6.8,0.5,0.4,1.4,0.453,0.692,0.52,"C"
9.92153143770537,23.1,2.3,3.4,0.5,0.3,1,0.519,0.78,0.593,"G"
6.4433550060736,17.7,1.8,2.3,0.6,0.2,0.9,0.393,0.764,0.474,"G"
3.96951688622183,5.5,0.3,1.9,0.2,0.1,0.5,0.683,0.741,0.683,"C"
21.1837336180091,34.4,1.9,8.6,0.6,0.6,1.9,0.499,0.875,0.586,"F"
9.84132081259456,23.3,2.5,3.6,0.7,0.2,1.3,0.433,0.789,0.49,"F"
13.2475282607928,29.3,1.6,4.8,1,0.4,1.1,0.464,0.805,0.54,"F"
4.28303505482645,19.1,1.6,3.4,0.6,0.1,0.3,0.389,0.571,0.431,"F"
13.3016174236933,28,1.5,5.5,0.5,0.4,1.1,0.569,0.68,0.617,"F"
3.46003723340124,4.1,0.1,0.8,0.1,0,0.1,0.391,1,0.413,"G"
4.35283046290988,12.7,0.5,1.4,0.4,0.1,0.4,0.363,0.906,0.52,"G"
4.32901935505933,13.4,0.5,1.4,0.5,0.1,0.4,0.353,0.911,0.509,"G"
3.47386961979404,9.3,0.3,1.2,0.1,0.1,0.1,0.419,0.875,0.581,"G"
15.8633446039544,28.5,1.5,4.1,0.6,0.2,1.9,0.434,0.828,0.487,"F"
4.77946527332846,15.8,0.7,2.2,0.4,0.3,0.3,0.363,0.857,0.484,"G"
17.5228491599369,33.6,3.5,2.9,0.8,0.1,1.3,0.481,0.845,0.568,"G"
15.0241492871445,31.5,8.3,3.2,1,0.2,1.7,0.5,0.923,0.588,"G"
2.8549563416438,11.9,1.1,0.8,0.6,0.1,0.4,0.358,0.667,0.451,"G"
9.47342090050298,20.5,4.5,5,0,0,1.5,0.45,0.6,0.55,"G"
21.2460989189586,35.3,5.7,4.4,0.9,0.5,2.4,0.437,0.769,0.515,"G"
9.30263592834487,20.3,5.3,3.1,1.1,0.1,1.9,0.543,0.853,0.568,"G"
15.268950201731,30.6,1.9,3.9,0.9,1,1.4,0.517,0.736,0.591,"F"
9.96022897574832,23.9,1.6,4.3,1,0.4,1.2,0.455,0.841,0.518,"F"
11.868883269,26.7,2,4.8,1.2,0.5,1.4,0.447,0.846,0.513,"F"
5.44920921768404,17.5,0.8,3.2,0.7,0.2,0.5,0.488,0.824,0.537,"F"
8.35205647256002,20.5,1.4,2.2,0.2,0.1,0.9,0.457,0.757,0.575,"F"
5.09565290449297,8.5,0.3,2.5,0.1,0.6,0.9,0.64,0.585,0.648,"C"
6.94112173795032,17.1,1.2,2,0.3,0.1,0.9,0.396,0.75,0.46,"G"
4.77457518237946,16.4,0.9,2.3,0.5,0,0.3,0.408,0.818,0.543,"G"
4.84888026274324,15.8,3.4,1.4,0.7,0.1,0.8,0.421,0.833,0.503,"G"
11.5849599022038,27.9,2.6,4.1,1.6,0.5,1.3,0.425,0.793,0.546,"G"
2.39551033780478,11.8,1,1.8,0.8,0,0,0.409,1,0.523,"G"
3.86996520259071,10.4,0.6,3,0.3,0.3,0.5,0.589,0.74,0.61,"C"
12.6893847730685,24.3,4.9,4.2,0.7,0.2,2.2,0.436,0.902,0.499,"F"
5.62841700546684,14.2,1.4,1.1,0.4,0.1,0.8,0.411,0.833,0.529,"G"
9.24514995758266,20.6,3.2,2.5,0.3,0.2,1.2,0.479,0.853,0.535,"G"
6.69394765182458,22.3,1,3.8,0.5,1.3,1,0.304,0,0.37,"F"
3.41912630908767,6.4,0.3,1.7,0.3,0.4,0.2,0.5,1,0.528,"F"
6.38181632616349,18.1,2.3,1.3,0.6,0.2,0.8,0.454,0.806,0.533,"G"
22.2266936498387,35.8,4.4,4.3,1.5,0.4,2.6,0.484,0.867,0.572,"G"
19.8607886897542,34.4,2.8,9,0.8,1.5,1.8,0.554,0.674,0.566,"F"
2.86439765318976,6.5,0.2,1.5,0.3,0.2,0.1,0.429,1,0.482,"F"
3.55577699523885,4,0.5,1,0,0,1,0.5,0,0.5,"F"
11.5240943097153,22.3,3.9,2.6,0.6,0.3,1.9,0.448,0.889,0.538,"G"
4.65868448895466,13,0.8,1.7,0.3,0.1,0.5,0.476,0.698,0.584,"G"
0.801328527610694,5,1.3,0.8,0,0,0.3,0.333,0,0.389,"G"
3.08258626026098,5.3,0.6,0.6,0.3,0.2,0.3,0.419,0.8,0.442,"G"
20.1842649583668,31.9,8.1,5.9,1.1,0.3,3.4,0.466,0.748,0.504,"G"
12.1180078959517,28.1,1.8,4,0.6,0.3,0.9,0.426,0.782,0.513,"F"
4.1967273404369,10.1,0.9,2,0.3,0.1,0.5,0.409,1,0.53,"F"
4.27285244040301,10.6,0.9,2.2,0.3,0.2,0.5,0.402,1,0.524,"F"
1.65573523263983,8.8,0.8,1.5,0.1,0,0.5,0.424,0,0.545,"F"
11.0145347668342,27.3,5.3,3.4,0.7,0.2,1,0.48,0.831,0.555,"G"
13.8274276923727,31,1.4,3.6,1.1,0.5,0.8,0.484,0.905,0.61,"F"
20.7319982971145,36.4,6.1,5.3,1.5,0.3,2.2,0.464,0.832,0.514,"G"
18.1699683714085,32.8,6.2,4,1,0.2,2.2,0.454,0.833,0.537,"G"
13.0421984605349,29.8,1.2,4.6,0.8,0.5,0.8,0.453,0.765,0.584,"F"
4.36475715931567,15,0.8,3.2,0.2,0.4,0.4,0.449,0.769,0.587,"C"
3.69903323306992,14.5,0.9,3.1,0.3,0.4,0.3,0.438,0.795,0.576,"C"
5.03918964554527,16.2,0.6,3.4,0.2,0.3,0.5,0.472,0.692,0.612,"C"
4.72037929322586,14.6,1.7,1.7,0.5,0.1,0.8,0.445,0.667,0.566,"F"
2.6682822174535,3.1,0.1,0.5,0.1,0,0.2,0.5,0.6,0.75,"F"
8.65261933841365,22.5,2.7,2.4,0.7,0.2,1.2,0.441,0.676,0.553,"F"
6.89939042040408,21.2,1.8,5.4,0.9,0.6,0.6,0.61,0.696,0.633,"F"
13.1163584060316,27.6,4.5,2.7,0.9,0.2,1.7,0.441,0.79,0.512,"G"
10.282945759156,24.9,1.3,3.8,0.8,0.5,1,0.427,0.838,0.525,"F"
4.33410138055478,10.5,1.6,1,0.4,0.1,0.5,0.518,0.912,0.573,"G"
7.26346934702899,19.4,1,2.4,0.4,0.2,0.7,0.442,0.867,0.596,"F"
7.20447490111089,16,2.3,1.7,0.5,0.1,1.5,0.342,0.667,0.426,"G"
5.16712115882576,13.7,0.3,2.6,0.3,0.4,0.6,0.561,0.645,0.605,"F"
2.91298619443432,11.5,0.6,2.7,0.9,0.6,0.8,0.361,0.667,0.375,"C"
2.4277172065892,10.9,0.5,2.6,0.9,0.6,0.6,0.4,0.7,0.417,"C"
4.9594979770427,14.3,1,3,1,0.3,1.7,0.167,0.5,0.167,"C"
7.61146470566024,19.3,2,2.6,0.6,0.1,1,0.448,0.778,0.502,"G"
4.27497775428647,12.9,1.2,1.3,0.3,0.1,0.6,0.364,0.667,0.428,"G"
6.00188703151924,13.8,1.3,1.6,0.4,0.1,0.9,0.424,0.854,0.512,"G"
5.74324214567326,13.5,0.9,1.4,0.3,0.1,0.8,0.406,0.81,0.488,"G"
6.56046174526968,14.1,1.8,1.7,0.5,0.1,1.1,0.447,0.9,0.543,"G"
14.6402399917648,26.8,2.9,9.1,0.8,0.8,2.3,0.519,0.661,0.561,"C"
8.11501881056824,19.2,1.4,3.7,0.4,0.2,1.1,0.436,0.791,0.533,"F"
6.42406105338165,15.7,1,3.1,0.3,0.2,0.9,0.386,0.86,0.487,"F"
11.1610426320653,24.6,2.1,4.7,0.5,0.3,1.3,0.476,0.721,0.569,"F"
15.291220148269,31.7,3.7,5.1,0.9,0.6,1.5,0.386,0.725,0.524,"F"
5.60156552468548,19.2,1.4,3.6,0.7,0.4,0.6,0.352,0.762,0.459,"F"
6.6171700364927,18.8,1.5,3.5,0.8,0.5,0.9,0.391,0.724,0.471,"G"
9.84214431669311,23.1,1,7.2,0.7,1.3,1,0.638,0.781,0.642,"C"
7.38938853106903,21.7,1.1,2.5,0.7,0.4,0.6,0.494,0.757,0.582,"F"
2.92033330010443,7.1,0.4,1,0.2,0.2,0.2,0.421,0.875,0.513,"F"
12.7297654037981,26.3,3.5,3,1.4,0.3,2.1,0.397,0.747,0.484,"G"
16.3574029062002,28.6,3.7,6.2,0.9,0.5,2.5,0.499,0.853,0.583,"C"
5.6484263094544,16.1,0.7,2.8,0.7,0.1,0.9,0.443,0.68,0.498,"F"
3.90938048889568,11.8,0.5,2.3,0.6,0,0.7,0.468,0.607,0.511,"F"
8.63198535742623,21.9,1,3.5,0.8,0.2,1.1,0.425,0.723,0.489,"F"
6.75042044446076,20.1,1.5,2.3,0.5,0.1,0.7,0.451,0.694,0.56,"F"
15.5493672795413,32.3,1.1,5.2,1.4,0.4,1.3,0.431,0.76,0.497,"F"
14.5240008998811,32,8.9,4.3,1.5,0.4,1.9,0.44,0.831,0.513,"G"
8.90985299178397,20.2,4.5,2.2,0.7,0.2,1.7,0.415,0.766,0.49,"G"
5.89547631430823,16.7,1.4,3.1,1,0.2,0.7,0.594,0.857,0.688,"G"
6.439658867254,17,1.5,2.6,1.1,0.1,0.8,0.585,1,0.695,"G"
5.22701751209312,16,1.1,4.3,0.9,0.6,0.6,0.607,0.667,0.679,"G"
3.12582038745059,8.1,1.2,1.6,0.2,0,0.3,0.356,0.846,0.483,"G"
2.21283582196833,5.3,0.3,0.7,0.3,0.2,0.3,0.333,0.556,0.375,"G"
12.3446893524673,26,3.1,8.9,0.6,0.6,1.5,0.68,0.636,0.68,"C"
14.0748104231579,28.5,3.7,9.7,0.6,0.6,1.6,0.669,0.605,0.669,"C"
9.4630152496933,19.9,1.7,6.9,0.5,0.5,1.3,0.727,0.772,0.727,"C"
12.6644918770824,26.5,2.7,9.1,0.9,1.2,1.7,0.629,0.592,0.629,"C"
13.6684673176244,26.1,3.1,9,0.8,1.1,2.1,0.616,0.605,0.616,"C"
10.9195280813918,27.2,2.2,9.1,1.2,1.3,1.1,0.652,0.569,0.652,"C"
8.49968416160571,20.6,1.9,4.7,0.6,1.3,1.3,0.434,0.629,0.51,"F"
19.7187389928908,30,4.5,2.7,0.8,0.3,3.1,0.43,0.87,0.514,"G"
22.048985069558,34.3,5.7,5.3,1.4,0.3,3.2,0.442,0.784,0.522,"G"
14.0921872267431,29,1,5.5,0.6,0.5,1.1,0.487,0.8,0.602,"F"
4.91428609649881,18.3,1,2.4,1.4,0,0.5,0.5,1,0.6,"F"
12.5863999790876,26,1.5,9.6,0.4,0.2,1.2,0.496,0.768,0.555,"F"
18.8347905464054,32.6,2.7,8.4,0.9,1.5,2.1,0.498,0.851,0.565,"C"
1.88634475762397,7.4,0.6,2.3,0.1,0,0.3,0.667,0,0.8,"F"
7.58971342554671,19.2,0.9,4.1,0.6,0.3,0.9,0.732,0.667,0.732,"C"
13.5627676350813,26.1,1.8,2.9,0.8,0.3,1.7,0.479,0.812,0.559,"G"
2.34619116153586,8.9,1.9,1.6,0.1,0,0.7,0.439,0,0.5,"G"
14.6072779397902,23.3,4.5,3.3,0.3,0.5,2.8,0.346,0.778,0.404,"G"
10.1203482997915,22.1,1.6,2.4,0.5,0.3,1.3,0.467,0.844,0.565,"F"
5.42604268544658,13.4,1.3,1.8,0.3,0,0.8,0.412,0.75,0.527,"G"
5.62561360779319,10,0.9,2.4,0.3,0.7,1,0.241,1,0.276,"G"
1.33910904903764,5.8,0.2,2.2,0,0.4,0.2,0.667,0,0.667,"C"
12.9075832539932,28.9,3.4,4.2,1,0.2,1.2,0.448,0.819,0.537,"G"
5.85601423416279,4.5,0.5,0.8,0.3,0,1.3,0.4,0.667,0.6,"G"
23.7711780097469,35.5,4.1,10,0.6,0.3,2.8,0.459,0.757,0.536,"F"
15.0598370216118,28.8,3.4,3,0.5,0.3,1.5,0.529,0.864,0.616,"G"
10.4843625690888,24.8,1.4,2.2,1,0.4,1.2,0.446,0.853,0.518,"F"
8.12001643228713,21.9,1,1.6,0.8,0.4,0.8,0.449,0.879,0.511,"F"
13.0139608967444,27.6,1.9,2.9,1.2,0.3,1.6,0.443,0.833,0.523,"F"
3.26360056528492,8,0.5,1.4,0.3,0.1,0.5,0.333,0.667,0.435,"G"
3.68348130583161,9,0.5,1.6,0.4,0.1,0.6,0.313,0.75,0.413,"G"
1.86467807789817,3.4,0.5,0.5,0.3,0,0,0.75,0.25,0.875,"G"
4.04418231044597,10.9,0.4,3.8,0.7,0.7,0.7,0.593,0.745,0.596,"C"
8.12998727861699,18.4,1.1,4.9,0.6,0.8,1.4,0.537,0.677,0.602,"C"
4.75508481066099,14.1,0.3,2.6,0.3,0.1,0.2,0.386,1,0.443,"G"
8.21740125152692,18.7,0.6,6.4,0.2,1.1,0.9,0.629,0.749,0.631,"C"
9.70498678362143,23.5,2.7,2.7,1.1,0.3,1.3,0.431,0.852,0.528,"G"
10.5082407891365,23.7,3.3,2.8,1,0.3,1.5,0.436,0.883,0.527,"G"
8.35284306356104,23.2,1.6,2.4,1.3,0.4,1,0.419,0.762,0.53,"G"
6.09345952743379,19.5,1.4,1.6,0.5,0.1,0.4,0.435,0.769,0.538,"G"
6.01833241722253,16.5,1.1,1.6,0.3,0,0.7,0.371,0.906,0.504,"F"
10.4456184235636,27,0.9,9.4,0.9,1.8,0.7,0.671,0.484,0.671,"C"
4.10549652643358,13.7,0.8,4.1,0.4,0.4,0.5,0.528,0.71,0.528,"C"
5.7315724962751,18.9,1,4.2,0.6,0.3,0.4,0.444,0.833,0.518,"F"
3.56424494315166,11.3,0.9,2.5,0.4,0.2,0.7,0.432,0.488,0.49,"F"
6.37862599618851,18,0.8,2.8,0.4,0.3,0.8,0.429,0.631,0.506,"F"
6.97595029722857,5.2,0.5,1,0.1,0.1,1.3,0.35,1,0.425,"G"
5.39677458591268,12.5,1.7,1.5,0.3,0.2,0.8,0.384,0.917,0.443,"G"
7.6911129520095,21.1,1.5,2.4,0.6,0.2,0.7,0.43,0.794,0.532,"G"
9.00652421786381,22.5,1.3,2,0.6,0.2,0.9,0.431,0.75,0.533,"G"
5.35455072933151,18.4,2,3.3,0.5,0.1,0.3,0.428,0.857,0.53,"G"
19.9942762540149,35.3,5.1,4.1,1.2,0.3,2.1,0.415,0.809,0.484,"G"
5.11597017835092,17.2,3.5,2.1,0.8,0.2,0.9,0.343,0.8,0.402,"G"
19.1897639547747,32.5,6.2,3,1,0.4,2.6,0.469,0.829,0.572,"G"
19.7378784213171,32.9,6.2,3.1,1.1,0.4,2.7,0.465,0.856,0.567,"G"
17.4597894457405,30.9,6.1,2.9,0.6,0.5,2.3,0.484,0.735,0.588,"G"
2.94285074541164,9.1,0.5,0.8,0.1,0,0.2,0.37,0.833,0.519,"F"
3.12528831399109,10.8,0.3,1.2,0.2,0,0.3,0.306,0.8,0.439,"F"
3.08510584482127,8.2,0.5,0.5,0.1,0,0.2,0.424,0.857,0.585,"F"
21.7690001276608,34.6,7.3,12.3,0.8,0.5,2.9,0.615,0.742,0.632,"C"
9.6410684682837,23,2.1,4.3,0.9,0.3,1.4,0.456,0.692,0.526,"F"
6.13679772708402,14.1,1.3,3.6,0.4,0.1,1,0.458,0.829,0.54,"F"
6.01042975921004,14.4,1.5,3.8,0.4,0.1,1,0.427,0.818,0.503,"F"
6.41958417428599,13.7,0.9,3.3,0.4,0.1,1,0.515,0.844,0.606,"F"
4.11319777285042,12.7,0.4,3.4,0.1,0.6,0.4,0.5,0.714,0.517,"C"
0,3,0.5,0,0.5,0,0,0.5,0,0.75,"F"
4.4127464168784,12.2,0.8,1.7,0.2,0.1,0.4,0.451,0.913,0.549,"F"
15.2407054962201,30.1,4.5,2.5,0.8,0.2,1.7,0.415,0.857,0.472,"G"
7.64595681759346,15,0.5,3,1,0,1.5,0.714,0.5,0.857,"G"
0.667365100404345,2.4,0,0.2,0,0,0,0.4,0,0.4,"G"
16.7908803755263,28.9,3.9,9,0.9,0.9,2.6,0.553,0.715,0.565,"C"
12.5000157305999,23.9,2.9,2.2,0.6,0.1,1.8,0.506,0.819,0.558,"G"
7.39574363193008,20.2,2.3,1.7,0.7,0.1,0.9,0.377,0.882,0.502,"G"
4.89869863829639,11.5,0.8,4.2,0.3,0.7,0.9,0.544,0.636,0.561,"C"
9.48595226707708,22.2,1.2,3,0.5,0.3,1,0.472,0.714,0.551,"G"
22.6779428747229,37.4,5.8,7.8,0.9,0.5,2.4,0.48,0.774,0.515,"C"
5.58287522254785,3,0,0,0,0,1,1,0,1,"F"
12.4523554971836,26.3,6.1,6.3,1.3,0.6,2.3,0.566,0.439,0.566,"G"
2.80422104141319,5.6,1,0.8,0,0.4,0.2,0.167,1,0.25,"G"
0.694101353451773,2.9,0,0.3,0,0,0,0.286,0.5,0.357,"C"
21.2888210080173,35,4.1,2.6,0.7,0.2,2.1,0.447,0.894,0.548,"G"
6.0439696453422,15.6,0.5,4.7,0.3,0.5,0.5,0.776,0.75,0.776,"C"
16.5288332171783,32.1,6.3,3.1,1.5,0.4,2.3,0.415,0.746,0.511,"G"
9.95187159512671,25.7,4.8,3.1,1.4,0.5,1.5,0.412,0.736,0.438,"G"
2.72995944517587,10.5,1.5,1.6,0.7,0.3,0.2,0.4,1,0.456,"G"
0.484030771999214,13.4,1,1.8,0.8,0.6,0.2,0.357,0,0.393,"G"
2.66604643130189,9.1,1.7,1.5,0.6,0.1,0.2,0.419,1,0.484,"G"
4.24552238005814,9.3,2.3,1.3,0.2,0.2,1,0.397,0.5,0.405,"G"
16.1258059550413,31,1.3,7.2,0.5,0.9,1.3,0.408,0.786,0.475,"F"
8.47763903835878,18.8,1,5.8,0.3,0.9,1.1,0.476,0.759,0.53,"F"
6.21462072399513,12,1.3,1.3,0,0.3,0.8,0.5,1,0.65,"F"
12.5072334748694,26,2.5,5.3,0.8,0.4,1.7,0.453,0.698,0.483,"F"
2.75222164337491,5.6,0.5,0.9,0.4,0.2,0.2,0.486,0.75,0.514,"G"
5.55898315871163,18.1,0.5,3.3,0.4,0.3,0.4,0.448,0.702,0.5,"F"
14.0334360267517,28.3,1.4,8.1,0.4,0.7,1.4,0.442,0.738,0.518,"C"
12.5552554858061,28.4,2.1,3.2,0.5,0.2,0.9,0.41,0.876,0.535,"F"
10.4768144401888,23.5,2.9,3,1.3,0.5,1.8,0.419,0.723,0.493,"G"
5.98084689690183,13.9,1.3,1.5,0.6,0.2,0.9,0.461,0.917,0.519,"G"
0,5.9,0.6,1,0,0,0,0.333,0,0.5,"F"
9.57644056874386,21.8,2.7,3.8,0.7,0.2,1.5,0.48,0.725,0.509,"F"
24.6089711040552,36.9,4.6,8.8,1.1,0.7,2.9,0.466,0.854,0.543,"F"
3.06137356971618,8.5,0.3,1.5,0.1,0.2,0.3,0.52,0.545,0.553,"F"
3.31412262938378,8.8,0.4,1.5,0.1,0.2,0.3,0.462,0.714,0.492,"F"
2.86499518452872,7.2,0,1.6,0,0.2,0,0.9,0.25,0.95,"F"
2.45691676164944,6.5,0.5,0.7,0.4,0.1,0.2,0.4,0.75,0.522,"G"
2.50711140329197,5.6,0.6,1,0.3,0.1,0.2,0.444,0.667,0.493,"G"
3.32943426009878,15.6,1.3,3.1,0.3,0.9,0.4,0.477,0.417,0.5,"C"
7.60840700548276,16.6,1.4,1.7,0.4,0.1,1.1,0.441,0.868,0.497,"G"
19.2047227277683,33,2.4,4.1,0.7,0.4,1.8,0.436,0.879,0.556,"G"
4.70997596042097,14,0.5,2.2,0.3,0.3,0.6,0.399,0.702,0.481,"F"
3.50145840744366,16.9,0.7,2,1.2,0.5,0.3,0.435,0.679,0.542,"G"
2.49568002024167,12.1,0.5,1.3,0.9,0.3,0.2,0.431,0.75,0.522,"G"
9.40173246040795,27.7,1.4,3.5,1.7,0.8,0.7,0.438,0.625,0.558,"G"
5.79271008948876,19.3,1.6,5,1,0.5,0.7,0.614,0.551,0.621,"F"
2.90978799578521,10.2,0.7,2,0.2,0,0.3,0.158,1,0.184,"F"
5.53490405184095,15.7,1,2.8,0.3,0.2,0.6,0.446,0.809,0.548,"F"
5.00434778756819,13.5,1.3,2.4,0.3,0.2,0.7,0.448,0.792,0.476,"F"
4.56798003681357,12.2,0.8,2,0.3,0.2,0.6,0.5,0.733,0.53,"F"
5.75013572337272,15.2,1.8,2.9,0.3,0.1,0.8,0.403,0.889,0.429,"F"
22.0503484113656,33,4.8,8.1,0.7,0.6,3,0.495,0.874,0.565,"F"
13.7406451271692,32.1,1.6,2.6,1.6,0.2,0.8,0.433,0.839,0.522,"G"
10.1502694771564,25.6,0.8,3.9,0.5,0.2,0.6,0.427,0.826,0.549,"F"
16.0223560894604,29.4,1.4,7.5,0.6,2.3,1.7,0.548,0.783,0.612,"C"
0.249466504586825,2,0,0,1,1,0,0,1,0,"G"
14.3963536356265,24.9,1.8,10.2,0.3,0.7,2,0.547,0.826,0.57,"C"
9.65368988628747,24.1,2.4,7.5,1.1,0.3,1.2,0.548,0.691,0.58,"F"
9.98683698309386,24.1,2.7,7.9,1,0.3,1.3,0.556,0.657,0.587,"F"
9.55843861176974,24,1.6,6.7,1.2,0.2,1.1,0.529,0.784,0.564,"F"
19.2936320898547,36.7,7.2,4.1,1.8,0.6,2,0.393,0.898,0.486,"G"
15.0926828112472,31,3.6,3.9,1.1,0.4,1.5,0.439,0.78,0.525,"G"
11.8525256852542,25.9,2.5,2.1,0.9,0.1,1.4,0.402,0.872,0.505,"G"
4.16347202018073,7.4,0.3,2.1,0.1,0.3,0.5,0.458,1,0.479,"C"
18.6290222137997,33.5,3.2,11,0.7,0.7,1.7,0.52,0.835,0.573,"C"
5.80628457280613,20.3,0.8,3.4,0.6,0.5,0.4,0.412,0.652,0.54,"F"
18.477721804151,32.6,3.5,4.1,1,0.2,2.1,0.485,0.842,0.543,"F"
8.08423752733663,19.5,1.5,4.5,0.6,0.2,1.2,0.5,0.841,0.564,"C"
4.05590400837565,15.3,0.9,2.3,0.6,0.4,0.4,0.37,0.839,0.496,"F"
4.05639926838958,11.1,0.6,2.3,0.2,0.2,0.5,0.419,0.756,0.46,"F"
5.02763742428553,16,2.1,1.8,0.2,0.2,0.4,0.421,0.81,0.482,"G"
9.7039685420782,23.2,1.1,1.9,0.5,0.3,0.8,0.448,0.858,0.534,"G"
11.4662521544997,22.2,5.2,2.7,0.8,0.4,2.4,0.408,0.681,0.457,"G"
5.2440510184986,16.4,1,2.9,0.5,0.3,0.5,0.489,0.8,0.53,"F"
6.73513477357613,18.8,1.1,2.8,0.6,0.3,0.7,0.51,0.818,0.55,"F"
2.32946766120966,12.3,0.7,3.1,0.4,0.3,0.2,0.429,0.5,0.471,"F"
5.68269769407934,12.7,2,1.2,0.2,0.1,1.1,0.367,0.667,0.445,"G"
16.817029961717,32.6,2.4,4.9,0.9,1.1,1.5,0.444,0.73,0.52,"F"
3.47001685228907,14,1.5,1.5,0.5,0.1,0.5,0.363,0.556,0.422,"G"
4.81410984777888,16,0.8,2.4,0.4,0.3,0.4,0.491,0.723,0.621,"F"
3.73957769458754,13,0.7,1.8,0.3,0.3,0.2,0.393,0.8,0.556,"G"
7.87457492479421,19.1,2.1,3.8,0.5,0.2,1.1,0.56,0.72,0.599,"F"
3.29083434424165,8.1,0.5,1.6,0.1,0.5,0.3,0.492,0.55,0.542,"G"
8.17193460236432,18.1,2.7,2.2,0.7,0.1,1.8,0.321,0.591,0.367,"G"
18.3329232296741,29.1,7.5,5.8,1,0.5,3.5,0.436,0.656,0.481,"G"
17.9752134565206,28.7,7.5,6.2,1,0.4,3.5,0.417,0.655,0.46,"G"
18.7986037741685,30.2,7.6,4.9,1.1,0.5,3.4,0.489,0.658,0.538,"G"
9.47111258692366,23.4,2.8,2.9,0.7,0.1,1,0.443,0.871,0.551,"G"
13.0257402593077,28.3,3.9,3.6,0.7,0.9,1.2,0.462,0.875,0.56,"G"
2.02469631576122,3.9,0.2,1,0.2,0.1,0.1,0.421,0.667,0.5,"F"
0,5.6,0.3,0.4,0,0,0.1,0.214,0,0.321,"F"
7.39148622253227,18.5,1.1,3,0.6,0.2,0.8,0.512,0.831,0.579,"G"
15.1012683609149,32.2,2.3,5,1.2,0.8,1.3,0.473,0.611,0.557,"F"
8.93433283563227,12.4,2,1,0,0.3,1.7,0.486,0.889,0.568,"G"
5.50786560936119,5,0,1,0,0,2,0,0,0,"G"
0.737482410461367,2,0,1,0,0,0,0.4,0,0.4,"G"
11.2468843655288,25.9,1.7,4.6,0.5,0.4,1,0.454,0.77,0.575,"F"
14.8526182278526,30.3,3.3,4.5,1.4,0.5,1.6,0.521,0.812,0.567,"G"
6.317410403061,18.7,1.6,4.9,0.6,0.2,0.8,0.436,0.704,0.534,"F"
10.6366426811831,25.4,2,3,0.6,0.4,0.8,0.615,0.667,0.654,"G"
6.74827903112833,22.8,2,4.9,0.8,0.3,0.6,0.517,0.436,0.59,"F"
7.5549366403989,19.3,0.4,7.1,0.7,1,0.9,0.637,0.691,0.637,"C"
13.2959618098199,28.3,1.2,4,0.9,0.9,1.2,0.464,0.857,0.549,"F"
10.0769788087265,23.5,1.4,8.3,0.6,1.4,1,0.747,0.61,0.747,"C"
3.22678337650345,7,0.3,1,0.4,0.1,0.3,0.3,1,0.35,"G"
6.30393484227588,15.2,0.9,2.1,0.4,0.2,1,0.429,0.773,0.492,"F"
22.596917249855,33,4.6,7,1.1,0.6,3.4,0.608,0.714,0.615,"F"
1.45840529807023,3.3,0.3,0,0.3,0,0.3,0.667,0,0.833,"F"
11.5560764870329,26.8,3.4,5,1,0.4,1.5,0.409,0.714,0.444,"F"
8.63074404581728,19.3,0.7,5.9,0.2,0.6,1.1,0.558,0.701,0.563,"C"
5.27352279899352,12.5,0.7,3.5,0.1,0.3,0.7,0.628,0.684,0.633,"C"
13.1428785863795,25.2,0.7,8.1,0.2,0.8,1.5,0.531,0.712,0.537,"C"
13.834112805409,25.9,1.8,7.3,0.4,1.1,1.8,0.515,0.772,0.583,"C"
7.46956464978603,24.4,3.9,3.6,1.8,0.3,0.9,0.474,0.867,0.545,"G"
4.57054666532835,12.4,2.1,1.7,0.3,0.2,0.7,0.469,0.684,0.515,"G"
4.44368230921685,18.7,1.7,2,0.7,0,0,0.381,1,0.524,"G"
4.47210355343528,14.7,1.4,3.1,1,0.1,0.8,0.545,0.692,0.561,"F"
24.2340865430553,34.8,10.2,3,1.1,0.1,4.1,0.429,0.886,0.485,"G"
3.95277093948926,9.2,0.2,2.6,0.2,0.2,0.4,0.593,0.833,0.648,"C"
6.30997343901959,14.5,0.7,4.3,0.2,0.3,0.9,0.627,0.686,0.627,"C"
15.4428386004766,28.6,1,9.9,0.4,1.3,1.5,0.634,0.697,0.634,"C"
